{"stat.pickup.minecraft.bone":12,"stat.leaveGame":3,"stat.mineBlock.minecraft.pumpkin":1,"stat.pickup.minecraft.stone_pickaxe":1,"stat.useItem.techguns.basicore":1,"stat.entityKilledBy.techguns.ZombieMiner":3,"stat.mineBlock.srparasites.gore":4,"stat.useItem.minecraft.mutton":1,"stat.swimOneCm":10187,"stat.entityKilledBy.techguns.ZombieFarmer":3,"stat.climbOneCm":251,"stat.pickup.minecraft.porkchop":3,"stat.useItem.chococraft.gysahl_green":22,"stat.useItem.minecraft.dirt":45,"stat.useItem.minecraft.stone_slab2":23,"stat.pickup.minecraft.rotten_flesh":3,"stat.pickup.minecraft.sand":3,"stat.useItem.minecraft.egg":13,"stat.craftItem.minecraft.stone_pickaxe":4,"stat.pickup.minecraft.cobblestone":223,"stat.pickup.minecraft.wooden_hoe":1,"stat.craftItem.minecraft.stone_sword":1,"stat.flyOneCm":336333,"stat.drop.minecraft.wheat_seeds":3,"stat.craftItem.minecraft.wooden_hoe":1,"stat.killEntity.techguns.ZombieFarmer":3,"stat.pickup.minecraft.redstone":2,"stat.mineBlock.minecraft.iron_ore":2,"stat.timeSinceDeath":1826,"stat.pickup.minecraft.mutton":4,"stat.pickup.minecraft.double_plant":3,"stat.killEntity.techguns.SkeletonSoldier":1,"stat.pickup.minecraft.wooden_axe":1,"stat.pickup.techguns.basicore":7,"stat.furnaceInteraction":31,"stat.drop.minecraft.dirt":1,"stat.mineBlock.minecraft.coal_ore":9,"stat.pickup.srparasites.lurecomponent1":9,"stat.pickup.minecraft.wooden_sword":1,"stat.pickup.minecraft.beef":1,"stat.pickup.minecraft.furnace":1,"stat.craftItem.minecraft.stone_slab2":0,"stat.sprintOneCm":287989,"stat.craftItem.minecraft.stick":28,"stat.craftItem.minecraft.wooden_axe":1,"stat.useItem.minecraft.stone_slab":2,"stat.pickup.techguns.t1_miner_leggings":6,"stat.mineBlock.minecraft.crafting_table":1,"stat.craftItem.minecraft.wooden_pressure_plate":1,"stat.pickup.chococraft.gysahl_green_seeds":130,"stat.useItem.minecraft.beef":1,"stat.deaths":13,"stat.drop":8,"stat.pickup.minecraft.egg":24,"stat.playOneMinute":75050,"stat.useItem.minecraft.wooden_sword":68,"stat.killEntity.Sheep":1,"stat.pickup.techguns.t1_miner_helmet":2,"stat.entityKilledBy.mutantbeasts.mutant_creeper":1,"stat.killEntity.Zombie":2,"stat.mineBlock.minecraft.tallgrass":30,"stat.diveOneCm":25152,"stat.pickup.minecraft.wheat":7,"stat.pickup.minecraft.pumpkin":4,"stat.drop.srparasites.lurecomponent1":2,"stat.pickup.minecraft.gravel":11,"stat.pickup.minecraft.iron_sword":1,"stat.pickup.minecraft.arrow":11,"stat.pickup.minecraft.stone_axe":1,"stat.useItem.minecraft.apple":8,"stat.useItem.minecraft.porkchop":3,"stat.jump":1985,"stat.useItem.minecraft.wooden_hoe":1,"stat.pickup.minecraft.cooked_chicken":1,"stat.pickup.minecraft.coal":48,"stat.fallOneCm":53684,"stat.pickup.minecraft.iron_ingot":26,"stat.pickup.minecraft.carrot":1,"stat.drop.minecraft.stone_sword":2,"stat.craftItem.minecraft.bread":1,"stat.pickup.minecraft.gunpowder":5,"stat.crouchOneCm":29719,"stat.craftItem.minecraft.iron_ingot":4,"stat.useItem.mutantbeasts.creeper_shard":128,"stat.pickup.minecraft.dirt":94,"stat.useItem.minecraft.cooked_chicken":4,"stat.craftingTableInteraction":15,"stat.pickup.minecraft.iron_ore":2,"stat.entityKilledBy.techguns.SkeletonSoldier":3,"stat.damageTaken":4209,"stat.pickup.minecraft.feather":10,"stat.pickup.minecraft.leather":17,"stat.mineBlock.minecraft.furnace":1,"stat.killEntity.techguns.ZombieMiner":3,"stat.pickup.srparasites.assimilated_flesh":1,"stat.craftItem.minecraft.wooden_sword":3,"stat.pickup.minecraft.iron_leggings":1,"stat.pickup.minecraft.wheat_seeds":9,"stat.pickup.techguns.t1_miner_chestplate":2,"stat.mineBlock.minecraft.gravel":4,"stat.useItem.minecraft.stone_pickaxe":147,"stat.useItem.minecraft.stone_sword":25,"stat.damageDealt":4048,"stat.useItem.minecraft.wool":2,"stat.pickup.chococraft.gysahl_green":22,"stat.killEntity.Cow":1,"stat.mineBlock.minecraft.dirt":44,"stat.useItem.minecraft.crafting_table":1,"stat.killEntity.Pig":1,"stat.craftItem.minecraft.iron_sword":1,"stat.craftItem.minecraft.stone_slab":6,"stat.pickup.techguns.itemshared":7,"stat.walkOneCm":116552,"stat.useItem.minecraft.bread":1,"stat.pickup.minecraft.crafting_table":4,"stat.mineBlock.techguns.basicore":3,"stat.useItem.minecraft.cobblestone":76,"stat.craftItem.minecraft.crafting_table":5,"stat.useItem.minecraft.gravel":3,"stat.mineBlock.minecraft.double_plant":5,"stat.pickup.minecraft.log":30,"stat.pickup.techguns.t1_combat_boots":2,"stat.pickup.minecraft.stone":11,"stat.drop.minecraft.sapling":1,"stat.pickup.minecraft.chicken":11,"stat.pickup.minecraft.sapling":29,"stat.pickup.minecraft.apple":9,"stat.killEntity.Skeleton":2,"stat.craftItem.minecraft.planks":64,"stat.useItem.minecraft.iron_sword":12,"stat.killEntity.Chicken":10,"stat.pickup.minecraft.stone_sword":1,"stat.entityKilledBy.mutantbeasts.creeper_minion":1,"stat.mobKills":32,"stat.mineBlock.minecraft.log":27,"stat.mineBlock.minecraft.waterlily":1,"stat.craftItem.minecraft.cooked_chicken":3,"stat.mineBlock.minecraft.leaves":40,"stat.pickup.minecraft.torch":12,"stat.sneakTime":12091,"stat.pickup.minecraft.wool":6,"stat.useItem.minecraft.wooden_axe":1,"stat.pickup.mutantbeasts.creeper_shard":3,"stat.mineBlock.minecraft.stone":116}