{"stat.pickup.minecraft.bone":7,"stat.leaveGame":1,"stat.mineBlock.minecraft.cobblestone":11,"stat.pickup.minecraft.stone_pickaxe":17,"stat.pickup.minecraft.flint":1,"stat.entityKilledBy.techguns.ZombieMiner":6,"stat.mineBlock.srparasites.gore":8,"stat.mineBlock.minecraft.sandstone":5,"stat.swimOneCm":28504,"stat.entityKilledBy.techguns.ZombieFarmer":1,"stat.climbOneCm":528,"stat.useItem.minecraft.planks":2,"stat.drop.minecraft.cobblestone":5,"stat.pickup.minecraft.cooked_porkchop":19,"stat.pickup.minecraft.porkchop":14,"stat.useItem.minecraft.dirt":19,"stat.useItem.chococraft.gysahl_green":9,"stat.useItem.minecraft.stone_slab2":29,"stat.pickup.minecraft.bow":1,"stat.pickup.minecraft.sand":4,"stat.craftItem.minecraft.furnace":4,"stat.useItem.minecraft.egg":2,"stat.craftItem.minecraft.stone_axe":1,"stat.useItem.minecraft.birch_boat":1,"stat.craftItem.minecraft.stone_pickaxe":3,"stat.pickup.minecraft.cobblestone":595,"stat.craftItem.minecraft.stone_sword":2,"stat.flyOneCm":235144,"stat.pickup.minecraft.sandstone":3,"stat.mineBlock.minecraft.sand":3,"stat.killEntity.techguns.ZombieFarmer":4,"stat.pickup.minecraft.redstone":13,"stat.mineBlock.minecraft.iron_ore":42,"stat.timeSinceDeath":880,"stat.useItem.minecraft.iron_pickaxe":39,"stat.craftItem.minecraft.wooden_pickaxe":2,"stat.pickup.minecraft.mutton":4,"stat.pickup.minecraft.double_plant":8,"stat.killEntity.techguns.SkeletonSoldier":1,"stat.pickup.minecraft.wooden_axe":1,"stat.pickup.techguns.basicore":5,"stat.furnaceInteraction":49,"stat.useItem.minecraft.cooked_porkchop":9,"stat.mineBlock.minecraft.coal_ore":81,"stat.pickup.srparasites.lurecomponent1":21,"stat.pickup.minecraft.beef":56,"stat.pickup.minecraft.furnace":11,"stat.drop.mutantbeasts.creeper_shard":1,"stat.craftItem.minecraft.stone_slab2":0,"stat.sprintOneCm":161678,"stat.pickup.minecraft.iron_chestplate":2,"stat.craftItem.minecraft.stick":36,"stat.craftItem.minecraft.wooden_axe":1,"stat.mineBlock.minecraft.crafting_table":6,"stat.pickup.chococraft.gysahl_green_seeds":145,"stat.deaths":18,"stat.drop":6,"stat.pickup.minecraft.egg":12,"stat.playOneMinute":90999,"stat.useItem.minecraft.wooden_sword":25,"stat.killEntity.Sheep":3,"stat.pickup.techguns.t1_miner_helmet":5,"stat.entityKilledBy.mutantbeasts.mutant_creeper":1,"stat.craftItem.minecraft.iron_pickaxe":1,"stat.mineBlock.minecraft.tallgrass":17,"stat.craftItem.minecraft.cooked_mutton":4,"stat.diveOneCm":20494,"stat.pickup.minecraft.cooked_mutton":12,"stat.chestOpened":1,"stat.useItem.minecraft.stone":1,"stat.killEntity.mutantbeasts.creeper_minion":3,"stat.pickup.minecraft.gravel":4,"stat.pickup.minecraft.arrow":30,"stat.pickup.minecraft.iron_sword":1,"stat.craftItem.minecraft.cooked_porkchop":14,"stat.pickup.minecraft.stone_axe":4,"stat.jump":1599,"stat.useItem.minecraft.sand":1,"stat.pickup.minecraft.coal":229,"stat.fallOneCm":45254,"stat.pickup.minecraft.iron_ingot":35,"stat.craftItem.minecraft.birch_boat":1,"stat.useItem.minecraft.stone_axe":15,"stat.pickup.minecraft.gunpowder":31,"stat.crouchOneCm":51439,"stat.craftItem.minecraft.iron_ingot":27,"stat.craftItem.minecraft.torch":16,"stat.craftItem.minecraft.chest":1,"stat.useItem.mutantbeasts.creeper_shard":12,"stat.pickup.minecraft.dirt":80,"stat.useItem.minecraft.cooked_chicken":2,"stat.craftingTableInteraction":18,"stat.pickup.minecraft.iron_ore":45,"stat.boatOneCm":56391,"stat.killEntity.mutantbeasts.mutant_creeper":1,"stat.pickup.minecraft.wooden_pickaxe":2,"stat.damageTaken":5613,"stat.pickup.minecraft.feather":14,"stat.pickup.minecraft.leather":20,"stat.killEntity.techguns.ZombieMiner":5,"stat.mineBlock.minecraft.furnace":4,"stat.mineBlock.minecraft.torch":4,"stat.useItem.minecraft.wooden_pickaxe":43,"stat.pickup.srparasites.assimilated_flesh":9,"stat.craftItem.minecraft.wooden_sword":2,"stat.pickup.minecraft.planks":207,"stat.pickup.minecraft.iron_leggings":4,"stat.pickup.minecraft.wheat_seeds":14,"stat.pickup.techguns.t1_miner_chestplate":1,"stat.mineBlock.minecraft.gravel":1,"stat.useItem.minecraft.stone_pickaxe":352,"stat.useItem.minecraft.stone_sword":149,"stat.craftItem.minecraft.iron_leggings":1,"stat.damageDealt":7887,"stat.useItem.minecraft.wool":2,"stat.pickup.chococraft.gysahl_green":9,"stat.killEntity.Cow":7,"stat.mineBlock.minecraft.dirt":31,"stat.killEntity.Pig":9,"stat.pickup.techguns.itemshared":40,"stat.walkOneCm":200931,"stat.useItem.minecraft.torch":12,"stat.playerKills":1,"stat.pickup.minecraft.stick":21,"stat.pickup.minecraft.crafting_table":9,"stat.pickup.techguns.t1_miner_boots":4,"stat.mineBlock.techguns.basicore":4,"stat.useItem.minecraft.cobblestone":63,"stat.craftItem.minecraft.crafting_table":3,"stat.mineBlock.minecraft.double_plant":1,"stat.pickup.minecraft.log":57,"stat.pickup.techguns.t1_combat_boots":8,"stat.pickup.minecraft.iron_pickaxe":1,"stat.pickup.minecraft.stone":17,"stat.craftItem.minecraft.iron_chestplate":1,"stat.pickup.minecraft.chicken":35,"stat.mineBlock.minecraft.wool":4,"stat.pickup.minecraft.sapling":25,"stat.pickup.minecraft.apple":12,"stat.killEntity.Skeleton":2,"stat.craftItem.techguns.itemshared":4,"stat.craftItem.minecraft.planks":100,"stat.useItem.minecraft.iron_sword":23,"stat.killEntity.Chicken":6,"stat.pickup.minecraft.stone_sword":8,"stat.mobKills":58,"stat.mineBlock.minecraft.log":29,"stat.craftItem.minecraft.cooked_chicken":2,"stat.mineBlock.minecraft.leaves":27,"stat.pickup.minecraft.torch":17,"stat.sneakTime":25242,"stat.pickup.minecraft.wool":10,"stat.pickup.minecraft.stone_slab":4,"stat.pickup.mutantbeasts.creeper_shard":1,"stat.mineBlock.minecraft.stone":249}