{
  "minecraft:husbandry/balanced_diet": {
    "criteria": {
      "cooked_porkchop": "2024-11-28 20:27:26 +0000"
    },
    "done": false
  },
  "minecraft:husbandry/root": {
    "criteria": {
      "consumed_item": "2024-11-28 20:27:26 +0000"
    },
    "done": true
  },
  "minecraft:adventure/adventuring_time": {
    "criteria": {
      "beaches": "2024-11-28 20:27:59 +0000",
      "taiga": "2024-11-28 20:22:58 +0000",
      "taiga_hills": "2024-11-28 20:23:17 +0000"
    },
    "done": false
  }
}