{"stat.walkOneCm":37003,"stat.leaveGame":2,"stat.damageTaken":130,"stat.pickup.minecraft.leather":2,"stat.pickup.minecraft.wooden_pressure_plate":1,"stat.mineBlock.minecraft.double_plant":1,"stat.mobKills":7,"stat.talkedToVillager":1,"stat.flyOneCm":316618,"stat.jump":182,"stat.swimOneCm":1413,"stat.playOneMinute":26790,"stat.fallOneCm":2823,"stat.pickup.minecraft.beef":8,"stat.killEntity.Sheep":1,"stat.sneakTime":1332,"stat.pickup.minecraft.wool":1,"stat.damageDealt":140,"stat.crouchOneCm":4473,"stat.timeSinceDeath":26790,"stat.killEntity.Cow":4,"stat.sprintOneCm":15480,"stat.useItem.minecraft.stone_slab2":144,"stat.pickup.minecraft.mutton":2,"stat.diveOneCm":7818}