{"stat.killEntity.techguns.SkeletonSoldier":4,"stat.pickup.techguns.itemshared":3,"stat.drop.techguns.guidedmissilelauncher":1,"stat.walkOneCm":40085,"stat.pickup.minecraft.bone":1,"stat.pickup.jurassicraft.foot_bones_fresh":1,"stat.playerKills":2,"stat.pickup.jurassicraft.skull_fresh":1,"stat.leaveGame":2,"stat.pickup.minecraft.gravel":1,"stat.pickup.techguns.guidedmissilelauncher":2,"stat.pickup.minecraft.wooden_pressure_plate":1,"stat.drop.minecraft.dirt":2,"stat.mineBlock.minecraft.double_plant":6,"stat.useItem.minecraft.cooked_porkchop":2,"stat.pickup.minecraft.iron_hoe":1,"stat.drop.techguns.t1_miner_chestplate":1,"stat.killEntity.Creeper":1,"stat.pickup.jurassicraft.dinosaur_meat":4,"stat.pickup.jurassicraft.crickets":1,"stat.pickup.jurassicraft.ribcage_fresh":1,"stat.drop.minecraft.sandstone":20,"stat.pickup.jurassicraft.vehicle_item":1,"stat.swimOneCm":2499,"stat.jump":736,"stat.pickup.minecraft.coal":3,"stat.fallOneCm":10681,"stat.drop.minecraft.stone":2,"stat.pickup.minecraft.beef":8,"stat.drop.minecraft.cobblestone":6,"stat.killEntity.techguns.ZombieSoldier":2,"stat.pickup.jurassicraft.shoulder_bone_fresh":1,"stat.pickup.minecraft.gunpowder":4,"stat.pickup.minecraft.stone":9,"stat.pickup.minecraft.chicken":1,"stat.crouchOneCm":356,"stat.killEntity.Squid":2,"stat.pickup.minecraft.sapling":1,"stat.pickup.minecraft.dirt":12,"stat.sprintOneCm":75762,"stat.useItem.minecraft.stone_slab2":5,"stat.pickup.minecraft.apple":3,"stat.pickup.jurassicraft.pelvis_fresh":1,"stat.killEntity.Skeleton":1,"stat.pickup.minecraft.sand":42,"stat.killEntity.Chicken":2,"stat.useItem.minecraft.egg":123,"stat.killEntity.techguns.Bandit":2,"stat.pickup.minecraft.feather":2,"stat.drop.minecraft.iron_hoe":1,"stat.damageTaken":90,"stat.pickup.minecraft.leather":2,"stat.killEntity.techguns.ZombieMiner":8,"stat.mobKills":26,"stat.pickup.minecraft.cobblestone":27,"stat.pickup.jurassicraft.tooth_fresh":1,"stat.pickup.minecraft.ender_eye":1,"stat.pickup.jurassicraft.arm_bones_fresh":1,"stat.flyOneCm":325557,"stat.pickup.jurassicraft.tail_vertebrae_fresh":1,"stat.pickup.minecraft.sandstone":20,"stat.drop":11,"stat.pickup.minecraft.wheat_seeds":2,"stat.drop.jurassicraft.dino_spawn_egg":1,"stat.pickup.minecraft.egg":5,"stat.pickup.techguns.t1_miner_chestplate":1,"stat.playOneMinute":42194,"stat.drop.minecraft.sand":31,"stat.sneakTime":285,"stat.killEntity.techguns.ZombieFarmer":3,"stat.damageDealt":396,"stat.pickup.minecraft.redstone":2,"stat.timeSinceDeath":42194,"stat.useItem.minecraft.spawn_egg":5,"stat.drop.minecraft.ender_eye":1,"stat.mineBlock.minecraft.tallgrass":22,"stat.diveOneCm":2758,"stat.pickup.minecraft.wheat":5,"stat.useItem.jurassicraft.dino_spawn_egg":7}