{"stat.chestOpened":2,"stat.pickup.minecraft.bone":1,"stat.leaveGame":7,"stat.pickup.techguns.guidedmissilelauncher":2,"stat.pickup.minecraft.wooden_pressure_plate":2,"stat.useItem.mutantbeasts.chemical_x":73,"stat.mineBlock.minecraft.brown_mushroom":2,"stat.pickup.jurassicraft.dinosaur_meat":1,"stat.useItem.minecraft.diamond_sword":3,"stat.pickup.jurassicraft.crickets":7,"stat.pickup.jurassicraft.neck_vertebrae_fresh":1,"stat.jump":1333,"stat.swimOneCm":9991,"stat.pickup.minecraft.fence":1,"stat.pickup.minecraft.coal":3,"stat.fallOneCm":15145,"stat.climbOneCm":484,"stat.pickup.minecraft.gunpowder":2,"stat.pickup.minecraft.porkchop":3,"stat.crouchOneCm":9224,"stat.entityKilledBy.techguns.Bandit":2,"stat.craftItem.minecraft.chest":1,"stat.pickup.minecraft.dirt":20,"stat.useItem.minecraft.dirt":9,"stat.useItem.chococraft.gysahl_green":10,"stat.useItem.minecraft.stone_slab2":155,"stat.useItem.minecraft.cooked_chicken":1,"stat.craftingTableInteraction":4,"stat.pickup.minecraft.rotten_flesh":1,"stat.pickup.minecraft.sand":7,"stat.mineBlock.minecraft.wooden_pressure_plate":1,"stat.useItem.minecraft.egg":55,"stat.damageTaken":1822,"stat.pickup.minecraft.leather":3,"stat.pickup.minecraft.feather":1,"stat.killEntity.techguns.ZombieMiner":5,"stat.pickup.minecraft.cobblestone":6,"stat.pickup.jurassicraft.arm_bones_fresh":1,"stat.useItem.jurassicraft.arm_bones_fresh":3,"stat.flyOneCm":527773,"stat.pickup.minecraft.wheat_seeds":2,"stat.drop.jurassicraft.crickets":2,"stat.pickup.minecraft.brown_mushroom":2,"stat.drop.minecraft.wheat_seeds":1,"stat.killEntity.techguns.ZombieFarmer":2,"stat.damageDealt":2062,"stat.timeSinceDeath":10668,"stat.pickup.chococraft.gysahl_green":10,"stat.killEntity.Cow":8,"stat.mineBlock.minecraft.dirt":3,"stat.useItem.minecraft.spawn_egg":28,"stat.craftItem.minecraft.wooden_pickaxe":1,"stat.killEntity.Pig":2,"stat.pickup.minecraft.mutton":7,"stat.craftItem.minecraft.iron_sword":1,"stat.pickup.minecraft.double_plant":1,"stat.walkOneCm":134669,"stat.useItem.minecraft.log":1,"stat.pickup.minecraft.crafting_table":1,"stat.craftItem.minecraft.crafting_table":1,"stat.furnaceInteraction":2,"stat.mineBlock.minecraft.double_plant":1,"stat.killEntity.Creeper":1,"stat.talkedToVillager":1,"stat.pickup.minecraft.log":19,"stat.pickup.jurassicraft.vehicle_item":4,"stat.pickup.minecraft.beef":12,"stat.craftItem.minecraft.stone_slab2":0,"stat.pickup.minecraft.stone":2,"stat.pickup.minecraft.chicken":2,"stat.sprintOneCm":52885,"stat.craftItem.minecraft.stick":8,"stat.craftItem.minecraft.wooden_axe":1,"stat.killEntity.Skeleton":1,"stat.craftItem.minecraft.planks":68,"stat.killEntity.Chicken":1,"stat.mineBlock.minecraft.fence":1,"stat.mineBlock.minecraft.crafting_table":1,"stat.mobKills":39,"stat.mineBlock.minecraft.log":19,"stat.pickup.chococraft.gysahl_green_seeds":19,"stat.entityKilledBy.Creeper":1,"stat.craftItem.minecraft.cooked_chicken":1,"stat.deaths":6,"stat.killEntity.mutantbeasts.mutant_enderman":9,"stat.drop":3,"stat.pickup.minecraft.egg":5,"stat.mineBlock.minecraft.leaves":3,"stat.playOneMinute":66035,"stat.killEntity.Sheep":7,"stat.sneakTime":3504,"stat.craftItem.minecraft.iron_pickaxe":1,"stat.pickup.minecraft.wool":4,"stat.pickup.techguns.t1_scout_boots":1,"stat.useItem.minecraft.wooden_axe":41,"stat.mineBlock.minecraft.tallgrass":4,"stat.diveOneCm":16737}