{"stat.leaveGame":10,"stat.pickup.mutantbeasts.mutant_skeleton_pelvis":1,"stat.useItem.minecraft.mutton":1,"stat.useItem.minecraft.planks":5,"stat.craftItem.minecraft.shield":1,"stat.pickup.minecraft.porkchop":5,"stat.useItem.ageofweapons.ax":4,"stat.pickup.minecraft.rotten_flesh":8,"stat.pickup.minecraft.sand":9,"stat.pickup.minecraft.wooden_hoe":1,"stat.drop.ageofweapons.wood_longstick":1,"stat.craftItem.minecraft.stone_sword":1,"stat.useItem.minecraft.ender_pearl":2,"stat.mineBlock.minecraft.sand":6,"stat.craftItem.minecraft.wooden_hoe":1,"stat.craftItem.ageofweapons.sword_handle":2,"stat.pickup.minecraft.double_plant":3,"stat.furnaceInteraction":49,"stat.killEntity.mocreatures:shark":1,"stat.pickup.minecraft.beef":1,"stat.pickup.minecraft.furnace":1,"stat.useItem.minecraft.cooked_mutton":6,"stat.craftItem.ageofweapons.sword_blade_iron":2,"stat.pickup.tombstone.magic_scroll":2,"stat.useItem.minecraft.dye":14,"stat.useItem.minecraft.beef":1,"stat.deaths":21,"stat.pickup.minecraft.egg":32,"stat.playOneMinute":204033,"stat.mineBlock.minecraft.tallgrass":121,"stat.craftItem.minecraft.cooked_mutton":6,"stat.chestOpened":81,"stat.pickup.minecraft.pumpkin":4,"stat.pickup.minecraft.iron_sword":2,"stat.pickup.minecraft.arrow":11,"stat.pickup.minecraft.cooked_chicken":1,"stat.fallOneCm":98452,"stat.pickup.ageofweapons.hammer":1,"stat.pickup.mutantbeasts.mutant_skeleton_shoulder_pad":2,"stat.pickup.minecraft.carrot":14,"stat.drop.minecraft.stone_sword":2,"stat.pickup.mutantbeasts.mutant_skeleton_skull":1,"stat.crouchOneCm":32142,"stat.craftItem.minecraft.iron_ingot":4,"stat.craftItem.minecraft.chest":1,"stat.killEntity.mocreatures:ant":1,"stat.craftingTableInteraction":94,"stat.useItem.ageofweapons.longsword_stone":164,"stat.pickup.minecraft.feather":11,"stat.pickup.ageofweapons.longsword_stone":2,"stat.craftItem.minecraft.wooden_sword":4,"stat.pickup.minecraft.planks":23,"stat.pickup.minecraft.iron_leggings":1,"stat.pickup.minecraft.wheat_seeds":33,"stat.mineBlock.minecraft.gravel":11,"stat.useItem.minecraft.stone_pickaxe":147,"stat.useItem.minecraft.stone_sword":25,"stat.useItem.minecraft.wool":2,"stat.craftItem.ageofweapons.wood_longstick":1,"stat.mineBlock.minecraft.dirt":77,"stat.useItem.minecraft.bread":1,"stat.useItem.minecraft.torch":5,"stat.drop.tombstone.crafting_ingredient":1,"stat.pickup.minecraft.iron_nugget":6,"stat.pickup.minecraft.crafting_table":5,"stat.useItem.minecraft.cobblestone":82,"stat.craftItem.minecraft.crafting_table":6,"stat.useItem.minecraft.gravel":3,"stat.mineBlock.minecraft.double_plant":13,"stat.pickup.minecraft.log":33,"stat.pickup.usefulbackpacks.backpack":1,"stat.craftItem.minecraft.gold_ingot":4,"stat.drop.minecraft.planks":62,"stat.drop.minecraft.sapling":1,"stat.pickup.minecraft.chicken":11,"stat.pickup.minecraft.sapling":45,"stat.pickup.minecraft.apple":10,"stat.craftItem.minecraft.planks":104,"stat.useItem.minecraft.iron_sword":12,"stat.useItem.mutantbeasts.hulk_hammer":43,"stat.pickup.minecraft.stone_sword":1,"stat.entityKilledBy.mutantbeasts.creeper_minion":1,"stat.mineBlock.minecraft.log":29,"stat.mineBlock.minecraft.waterlily":1,"stat.craftItem.minecraft.cooked_chicken":3,"stat.useItem.minecraft.stone_hoe":4,"stat.pickup.mutantbeasts.mutant_skeleton_limb":3,"stat.pickup.minecraft.red_flower":2,"stat.sneakTime":13711,"stat.pickup.minecraft.wool":6,"stat.useItem.minecraft.wooden_axe":1,"stat.pickup.mutantbeasts.creeper_shard":3,"stat.pickup.minecraft.yellow_flower":2,"stat.pickup.minecraft.bone":17,"stat.mineBlock.minecraft.pumpkin":1,"stat.pickup.minecraft.stone_pickaxe":1,"stat.pickup.minecraft.flint":1,"stat.mineBlock.minecraft.yellow_flower":2,"stat.swimOneCm":21895,"stat.drop.ageofweapons.hammer":1,"stat.climbOneCm":251,"stat.drop.minecraft.cobblestone":250,"stat.useItem.chococraft.gysahl_green":47,"stat.useItem.minecraft.dirt":77,"stat.useItem.minecraft.stone_slab2":36,"stat.pickup.minecraft.stone_hoe":1,"stat.craftItem.minecraft.lapis_block":1,"stat.useItem.minecraft.egg":17,"stat.useItem.ageofweapons.caveman_spear":2,"stat.craftItem.minecraft.stone_pickaxe":4,"stat.pickup.minecraft.cobblestone":500,"stat.pickup.mutantbeasts.mutant_skeleton_rib":3,"stat.mineBlock.minecraft.clay":11,"stat.flyOneCm":661616,"stat.drop.minecraft.wheat_seeds":17,"stat.useItem.minecraft.cooked_beef":6,"stat.pickup.minecraft.redstone":33,"stat.mineBlock.minecraft.iron_ore":2,"stat.timeSinceDeath":33082,"stat.pickup.minecraft.mutton":4,"stat.craftItem.minecraft.iron_block":1,"stat.pickup.minecraft.wooden_axe":1,"stat.pickup.mocreatures.sharkteeth":3,"stat.drop.minecraft.dirt":4,"stat.mineBlock.minecraft.coal_ore":9,"stat.killEntity.mocreatures:silverskeleton":1,"stat.craftItem.minecraft.stone_hoe":1,"stat.pickup.minecraft.wooden_sword":6,"stat.pickup.minecraft.string":6,"stat.craftItem.ageofweapons.stone_shard":9,"stat.drop.ageofweapons.ax":1,"stat.craftItem.ageofweapons.iron_shard":30,"stat.pickup.tombstone.crafting_ingredient":2,"stat.craftItem.minecraft.stone_slab2":0,"stat.sprintOneCm":569497,"stat.craftItem.minecraft.stick":48,"stat.craftItem.minecraft.wooden_axe":1,"stat.useItem.minecraft.stone_slab":3,"stat.craftItem.minecraft.stone":8,"stat.craftItem.chococraft.chocobo_saddle":1,"stat.mineBlock.minecraft.crafting_table":2,"stat.useItem.minecraft.carrot":7,"stat.craftItem.minecraft.wooden_pressure_plate":1,"stat.pickup.chococraft.gysahl_green_seeds":175,"stat.drop":39,"stat.useItem.minecraft.wooden_sword":72,"stat.killEntity.Sheep":1,"stat.entityKilledBy.mutantbeasts.mutant_creeper":1,"stat.pickup.minecraft.slime_ball":5,"stat.killEntity.Zombie":7,"stat.craftItem.minecraft.dye":15,"stat.mineBlock.minecraft.gold_ore":3,"stat.diveOneCm":30521,"stat.pickup.minecraft.wheat":7,"stat.pickup.minecraft.gravel":19,"stat.pickup.minecraft.stone_axe":1,"stat.useItem.minecraft.apple":9,"stat.drop.ageofweapons.knive_stone":1,"stat.useItem.minecraft.porkchop":5,"stat.useItem.minecraft.rotten_flesh":3,"stat.jump":3890,"stat.useItem.minecraft.wooden_hoe":1,"stat.pickup.minecraft.coal":74,"stat.pickup.minecraft.iron_ingot":26,"stat.craftItem.minecraft.bread":1,"stat.pickup.minecraft.gunpowder":5,"stat.drop.minecraft.wooden_sword":4,"stat.pickup.minecraft.spider_eye":3,"stat.useItem.mutantbeasts.creeper_shard":128,"stat.pickup.minecraft.dirt":144,"stat.useItem.minecraft.cooked_chicken":4,"stat.pickup.minecraft.iron_ore":2,"stat.boatOneCm":70727,"stat.pickup.minecraft.gold_ore":10,"stat.damageTaken":7138,"stat.pickup.minecraft.leather":19,"stat.mineBlock.minecraft.furnace":1,"stat.mineBlock.minecraft.torch":6,"stat.mineBlock.minecraft.red_flower":2,"stat.pickup.minecraft.ender_eye":1,"tombstone:undead_killed":8,"stat.drop.ageofweapons.longsword_stone":2,"stat.damageDealt":10891,"stat.sleepInBed":2,"stat.pickup.chococraft.gysahl_green":58,"stat.killEntity.Cow":1,"stat.useItem.minecraft.crafting_table":1,"stat.killEntity.Pig":2,"stat.craftItem.minecraft.iron_sword":1,"stat.craftItem.minecraft.stone_slab":12,"stat.walkOneCm":378674,"stat.pickup.minecraft.clay_ball":44,"stat.useItem.minecraft.gold_ore":5,"stat.craftItem.ageofweapons.table_of_ages":1,"stat.craftItem.ageofweapons.wood_shard":3,"stat.pickup.minecraft.stone":30,"stat.pickup.minecraft.ender_pearl":2,"stat.pickup.minecraft.cooked_beef":6,"stat.pickup.mutantbeasts.hulk_hammer":1,"stat.killEntity.Skeleton":4,"stat.killEntity.Chicken":10,"stat.killEntity.Spider":4,"stat.useItem.ageofweapons.knive_stone":1,"stat.mobKills":55,"stat.drop.tombstone.magic_scroll":1,"stat.mineBlock.minecraft.leaves":42,"stat.pickup.minecraft.torch":18,"stat.killEntity.mocreatures:maggot":4,"stat.mineBlock.minecraft.stone":116}