{"stat.leaveGame":4,"stat.craftItem.minecraft.iron_axe":1,"stat.pickup.tombstone.familiar_stone":1,"stat.killEntity.mutantbeasts.mutant_skeleton":1,"stat.mineBlock.minecraft.sandstone":5,"stat.killEntity.mocreatures:boar":2,"stat.useItem.minecraft.planks":65,"stat.craftItem.minecraft.shield":2,"stat.pickup.minecraft.porkchop":29,"stat.pickup.ageofweapons.wood_longstick":2,"stat.killEntity.mocreatures:flamewraith":1,"stat.pickup.minecraft.rotten_flesh":31,"stat.pickup.minecraft.sand":6,"stat.craftItem.minecraft.stone_axe":2,"stat.useItem.minecraft.birch_boat":1,"stat.craftItem.minecraft.stone_sword":3,"stat.mineBlock.minecraft.sand":3,"stat.useItem.minecraft.fence_gate":1,"stat.useItem.minecraft.iron_pickaxe":56,"stat.craftItem.minecraft.wooden_pickaxe":3,"stat.useItem.minecraft.iron_shovel":7,"stat.drop.minecraft.cooked_mutton":1,"stat.pickup.minecraft.double_plant":10,"stat.craftItem.minecraft.bed":1,"stat.furnaceInteraction":147,"stat.pickup.minecraft.fence_gate":1,"stat.pickup.minecraft.beef":74,"stat.pickup.minecraft.furnace":14,"stat.useItem.minecraft.cooked_mutton":16,"stat.killEntity.seedeater":2,"stat.pickup.minecraft.iron_chestplate":2,"stat.pickup.tombstone.magic_scroll":2,"stat.killEntity.Horse":12,"stat.craftItem.minecraft.fence_gate":2,"stat.pickup.minecraft.emerald":2,"stat.deaths":36,"stat.pickup.minecraft.egg":29,"stat.playOneMinute":341271,"stat.craftItem.minecraft.iron_pickaxe":2,"stat.pickup.mocreatures.hide":1,"stat.mineBlock.minecraft.tallgrass":93,"stat.craftItem.minecraft.cooked_mutton":30,"stat.pickup.minecraft.cooked_mutton":16,"stat.chestOpened":88,"stat.pickup.minecraft.pumpkin":1,"stat.killEntity.mocreatures:horsemob":1,"stat.craftItem.minecraft.sign":3,"stat.useItem.minecraft.stone":7,"stat.killEntity.mutantbeasts.creeper_minion":3,"stat.pickup.minecraft.arrow":35,"stat.pickup.minecraft.iron_sword":1,"stat.craftItem.minecraft.iron_nugget":9,"stat.pickup.mocreatures.bigcatclaw":2,"stat.fallOneCm":140703,"stat.pickup.ageofweapons.hammer":1,"stat.crouchOneCm":94172,"stat.mineBlock.minecraft.chest":1,"stat.craftItem.minecraft.iron_ingot":146,"stat.craftItem.minecraft.chest":6,"stat.killEntity.mocreatures:ant":1,"stat.craftingTableInteraction":88,"stat.useItem.ageofweapons.longsword_stone":1,"stat.pickup.minecraft.wooden_pickaxe":2,"stat.killEntity.smiledog":1,"stat.pickup.minecraft.feather":34,"stat.pickup.ageofweapons.longsword_stone":1,"stat.craftItem.minecraft.wooden_sword":3,"stat.pickup.minecraft.dye":34,"stat.pickup.minecraft.planks":334,"stat.pickup.minecraft.iron_leggings":5,"stat.killEntity.Llama":5,"stat.pickup.minecraft.wheat_seeds":25,"stat.mineBlock.minecraft.gravel":1,"stat.useItem.minecraft.stone_pickaxe":469,"stat.useItem.minecraft.stone_sword":287,"stat.craftItem.minecraft.iron_leggings":2,"stat.useItem.minecraft.wool":2,"stat.craftItem.ageofweapons.wood_longstick":2,"stat.mineBlock.minecraft.dirt":161,"stat.drop.mutantbeasts.hulk_hammer":1,"stat.mineBlock.minecraft.monster_egg":1,"stat.useItem.minecraft.torch":56,"stat.drop.tombstone.crafting_ingredient":1,"stat.pickup.minecraft.crafting_table":11,"stat.useItem.minecraft.log":28,"stat.useItem.minecraft.cobblestone":162,"stat.craftItem.minecraft.crafting_table":8,"stat.mineBlock.minecraft.double_plant":7,"stat.killEntity.mocreatures:tiger":1,"stat.craftItem.minecraft.boat":1,"stat.pickup.minecraft.iron_hoe":1,"stat.pickup.minecraft.log":226,"stat.craftItem.ageofweapons.hammer":1,"stat.pickup.minecraft.iron_pickaxe":1,"stat.craftItem.hammertime.itemhammerstone":1,"stat.craftItem.usefulbackpacks.backpack":2,"stat.pickup.minecraft.chicken":54,"stat.pickup.minecraft.sapling":64,"stat.pickup.minecraft.apple":18,"stat.killEntity.mocreatures:manticore":1,"stat.craftItem.minecraft.planks":364,"stat.useItem.minecraft.iron_sword":23,"stat.useItem.mutantbeasts.hulk_hammer":11,"stat.pickup.minecraft.stone_sword":13,"stat.mineBlock.minecraft.log":137,"stat.craftItem.minecraft.cooked_chicken":14,"stat.killEntity.mutantbeasts.mutant_enderman":1,"stat.pickup.minecraft.red_flower":5,"stat.pickup.mutantbeasts.mutant_skeleton_limb":4,"stat.sneakTime":40771,"stat.pickup.minecraft.wool":55,"stat.pickup.ageofweapons.table_of_ages":1,"stat.pickup.minecraft.stone_slab":4,"stat.useItem.minecraft.wooden_axe":29,"stat.pickup.ageofweapons.knive_stone":1,"stat.pickup.mutantbeasts.creeper_shard":3,"stat.pickup.minecraft.yellow_flower":1,"stat.pickup.minecraft.chest":1,"stat.craftItem.minecraft.diamond_chestplate":1,"stat.killEntity.mocreatures:snake":1,"stat.pickup.minecraft.bone":11,"stat.craftItem.minecraft.diamond_leggings":1,"stat.useItem.minecraft.iron_axe":72,"stat.mineBlock.minecraft.cobblestone":13,"stat.pickup.minecraft.stone_pickaxe":27,"stat.pickup.minecraft.flint":1,"stat.mineBlock.minecraft.yellow_flower":1,"stat.useItem.minecraft.diamond_sword":631,"stat.swimOneCm":86103,"stat.drop.ageofweapons.hammer":1,"stat.climbOneCm":861,"stat.drop.minecraft.cobblestone":6,"stat.pickup.minecraft.cooked_porkchop":19,"stat.entityKilledBy.mutantbeasts.mutant_zombie":1,"stat.useItem.minecraft.dirt":158,"stat.useItem.chococraft.gysahl_green":22,"stat.useItem.minecraft.stone_slab2":86,"stat.pickup.minecraft.bow":1,"stat.pickup.minecraft.stone_hoe":2,"stat.craftItem.minecraft.furnace":6,"stat.useItem.minecraft.egg":12,"stat.craftItem.minecraft.iron_boots":1,"stat.craftItem.minecraft.stone_pickaxe":4,"stat.craftItem.minecraft.cooked_beef":14,"stat.mineBlock.ageofweapons.table_of_ages":1,"stat.pickup.minecraft.cobblestone":3735,"stat.pickup.mutantbeasts.mutant_skeleton_rib":2,"stat.pickup.minecraft.diamond_leggings":6,"stat.flyOneCm":936803,"stat.pickup.minecraft.sandstone":3,"stat.useItem.minecraft.cooked_beef":8,"stat.pickup.minecraft.redstone":121,"stat.mineBlock.minecraft.iron_ore":77,"stat.timeSinceDeath":17265,"stat.useItem.minecraft.sign":2,"stat.pickup.minecraft.mutton":51,"stat.pickup.minecraft.wooden_axe":1,"stat.useItem.minecraft.cooked_porkchop":14,"stat.pickup.minecraft.iron_shovel":1,"stat.mineBlock.minecraft.coal_ore":93,"stat.killEntity.mocreatures:silverskeleton":1,"stat.pickup.minecraft.shield":1,"stat.killEntity.Creeper":2,"stat.pickup.minecraft.wooden_sword":1,"stat.pickup.minecraft.string":5,"stat.craftItem.ageofweapons.stone_shard":9,"stat.drop.mutantbeasts.creeper_shard":1,"stat.drop.usefulbackpacks.backpack":1,"stat.pickup.tombstone.crafting_ingredient":1,"stat.craftItem.minecraft.stone_slab2":0,"stat.killEntity.mutantbeasts.mutant_zombie":1,"stat.sprintOneCm":719301,"stat.craftItem.minecraft.stick":88,"stat.craftItem.minecraft.wooden_axe":2,"stat.drop.minecraft.stone_hoe":1,"stat.pickup.hammertime.itemhammerdiamond":8,"stat.craftItem.minecraft.stone":27,"stat.craftItem.chococraft.chocobo_saddle":1,"stat.pickup.minecraft.grass":1,"stat.mineBlock.minecraft.crafting_table":8,"stat.pickup.ageofweapons.upgrade_stone_age":1,"stat.useItem.hammertime.itemhammerdiamond":3,"stat.pickup.minecraft.diamond_chestplate":8,"stat.pickup.chococraft.gysahl_green_seeds":225,"stat.mineBlock.minecraft.planks":21,"stat.drop":34,"stat.useItem.minecraft.wooden_sword":39,"stat.killEntity.Sheep":24,"stat.craftItem.hammertime.itemhammeriron":3,"stat.entityKilledBy.mutantbeasts.mutant_creeper":2,"stat.pickup.minecraft.slime_ball":9,"stat.killEntity.Zombie":12,"stat.diveOneCm":64467,"stat.killEntity.mocreatures:werewolf":3,"stat.pickup.minecraft.gravel":4,"stat.craftItem.minecraft.cooked_porkchop":19,"stat.drop.minecraft.cooked_beef":6,"stat.pickup.minecraft.stone_axe":10,"stat.useItem.minecraft.apple":2,"stat.pickup.minecraft.obsidian":2,"stat.pickup.minecraft.diamond_sword":4,"stat.craftItem.minecraft.diamond_sword":1,"stat.killEntity.jeffthekiller":1,"stat.jump":5585,"stat.useItem.minecraft.sand":1,"stat.pickup.minecraft.coal":330,"stat.pickup.minecraft.iron_helmet":7,"stat.pickup.minecraft.iron_ingot":103,"stat.craftItem.minecraft.birch_boat":1,"stat.useItem.minecraft.stone_axe":63,"stat.pickup.minecraft.gunpowder":35,"stat.pickup.minecraft.spider_eye":1,"stat.craftItem.minecraft.torch":84,"stat.useItem.mutantbeasts.creeper_shard":184,"stat.pickup.minecraft.dirt":299,"stat.craftItem.minecraft.iron_helmet":1,"stat.useItem.minecraft.cooked_chicken":14,"stat.pickup.minecraft.iron_ore":172,"stat.boatOneCm":143520,"stat.pickup.minecraft.gold_ore":9,"stat.mineBlock.minecraft.lapis_ore":6,"stat.killEntity.mutantbeasts.mutant_creeper":2,"stat.damageTaken":12304,"stat.pickup.minecraft.leather":59,"stat.mineBlock.minecraft.furnace":6,"stat.mineBlock.minecraft.torch":6,"stat.mineBlock.minecraft.red_flower":2,"stat.useItem.minecraft.wooden_pickaxe":43,"stat.pickup.minecraft.ender_eye":1,"stat.pickup.minecraft.reeds":51,"stat.drop.chococraft.gysahl_green":13,"tombstone:undead_killed":16,"stat.mineBlock.minecraft.fence_gate":1,"stat.drop.ageofweapons.longsword_stone":1,"stat.damageDealt":36715,"stat.sleepInBed":2,"stat.pickup.chococraft.gysahl_green":53,"stat.killEntity.Silverfish":1,"stat.killEntity.Cow":16,"stat.killEntity.Pig":14,"stat.pickup.minecraft.boat":1,"stat.walkOneCm":969261,"stat.playerKills":2,"stat.useItem.minecraft.chest":4,"stat.pickup.minecraft.stick":30,"stat.pickup.ageofweapons.ax":1,"stat.killEntity.mocreatures:wildhorse":1,"stat.killEntity.eyelessjack":2,"stat.craftItem.minecraft.diamond_boots":1,"stat.useItem.tombstone.gift":1,"stat.pickup.minecraft.stone":913,"stat.craftItem.minecraft.iron_chestplate":1,"stat.craftItem.hammertime.itemhammerdiamond":1,"stat.mineBlock.minecraft.wool":4,"stat.pickup.minecraft.ender_pearl":2,"stat.pickup.mutantbeasts.hulk_hammer":1,"stat.killEntity.Skeleton":5,"stat.killEntity.Chicken":16,"stat.killEntity.Spider":5,"stat.useItem.ageofweapons.knive_stone":1,"stat.mobKills":211,"stat.pickup.minecraft.diamond_boots":7,"stat.drop.tombstone.magic_scroll":1,"stat.useItem.minecraft.boat":1,"stat.pickup.minecraft.diamond":27,"stat.mineBlock.minecraft.leaves":61,"stat.pickup.minecraft.torch":26,"stat.killEntity.mocreatures:maggot":2,"stat.pickup.mowziesmobs.naga_fang":1,"stat.mineBlock.minecraft.stone":315}