{"stat.pickup.minecraft.bone":12,"stat.leaveGame":6,"stat.mineBlock.minecraft.pumpkin":1,"stat.pickup.minecraft.stone_pickaxe":1,"stat.mineBlock.srparasites.gore":4,"stat.useItem.minecraft.mutton":1,"stat.swimOneCm":10277,"stat.drop.ageofweapons.hammer":1,"stat.climbOneCm":251,"stat.useItem.minecraft.planks":1,"stat.pickup.minecraft.porkchop":3,"stat.useItem.chococraft.gysahl_green":22,"stat.useItem.minecraft.dirt":55,"stat.useItem.minecraft.stone_slab2":28,"stat.pickup.minecraft.rotten_flesh":3,"stat.pickup.minecraft.sand":3,"stat.useItem.minecraft.egg":13,"stat.useItem.ageofweapons.caveman_spear":1,"stat.craftItem.minecraft.stone_pickaxe":4,"stat.pickup.minecraft.cobblestone":225,"stat.pickup.minecraft.wooden_hoe":1,"stat.drop.ageofweapons.wood_longstick":1,"stat.craftItem.minecraft.stone_sword":1,"stat.flyOneCm":374283,"stat.drop.minecraft.wheat_seeds":3,"stat.craftItem.minecraft.wooden_hoe":1,"stat.pickup.minecraft.redstone":2,"stat.mineBlock.minecraft.iron_ore":2,"stat.timeSinceDeath":20898,"stat.pickup.minecraft.mutton":4,"stat.pickup.minecraft.double_plant":3,"stat.pickup.minecraft.wooden_axe":1,"stat.furnaceInteraction":44,"stat.drop.minecraft.dirt":1,"stat.mineBlock.minecraft.coal_ore":9,"stat.pickup.srparasites.lurecomponent1":9,"stat.pickup.minecraft.wooden_sword":1,"stat.craftItem.ageofweapons.stone_shard":9,"stat.pickup.minecraft.beef":1,"stat.pickup.minecraft.furnace":1,"stat.craftItem.minecraft.stone_slab2":0,"stat.sprintOneCm":307015,"stat.craftItem.minecraft.stick":40,"stat.craftItem.minecraft.wooden_axe":1,"stat.useItem.minecraft.stone_slab":3,"stat.craftItem.minecraft.stone":8,"stat.mineBlock.minecraft.crafting_table":2,"stat.craftItem.minecraft.wooden_pressure_plate":1,"stat.pickup.chococraft.gysahl_green_seeds":130,"stat.useItem.minecraft.beef":1,"stat.deaths":15,"stat.drop":10,"stat.pickup.minecraft.egg":25,"stat.playOneMinute":101256,"stat.useItem.minecraft.wooden_sword":72,"stat.killEntity.Sheep":1,"stat.entityKilledBy.mutantbeasts.mutant_creeper":1,"stat.killEntity.Zombie":2,"stat.mineBlock.minecraft.tallgrass":36,"stat.diveOneCm":25152,"stat.pickup.minecraft.wheat":7,"stat.chestOpened":25,"stat.pickup.minecraft.pumpkin":4,"stat.drop.srparasites.lurecomponent1":2,"stat.pickup.minecraft.gravel":11,"stat.pickup.minecraft.iron_sword":1,"stat.pickup.minecraft.arrow":11,"stat.pickup.minecraft.stone_axe":1,"stat.useItem.minecraft.apple":8,"stat.useItem.minecraft.porkchop":3,"stat.jump":2161,"stat.useItem.minecraft.wooden_hoe":1,"stat.pickup.minecraft.cooked_chicken":1,"stat.pickup.minecraft.coal":48,"stat.fallOneCm":59741,"stat.pickup.minecraft.iron_ingot":26,"stat.pickup.ageofweapons.hammer":1,"stat.pickup.minecraft.carrot":1,"stat.drop.minecraft.stone_sword":2,"stat.craftItem.minecraft.bread":1,"stat.pickup.minecraft.gunpowder":5,"stat.crouchOneCm":30253,"stat.craftItem.minecraft.iron_ingot":4,"stat.useItem.mutantbeasts.creeper_shard":128,"stat.craftItem.minecraft.chest":1,"stat.pickup.minecraft.dirt":115,"stat.useItem.minecraft.cooked_chicken":4,"stat.craftingTableInteraction":60,"stat.pickup.minecraft.iron_ore":2,"stat.damageTaken":4625,"stat.pickup.minecraft.feather":10,"stat.pickup.minecraft.leather":17,"stat.mineBlock.minecraft.furnace":1,"stat.pickup.srparasites.assimilated_flesh":1,"stat.craftItem.minecraft.wooden_sword":4,"stat.pickup.minecraft.planks":23,"stat.pickup.minecraft.iron_leggings":1,"stat.pickup.minecraft.wheat_seeds":9,"stat.mineBlock.minecraft.gravel":4,"stat.useItem.minecraft.stone_pickaxe":147,"stat.useItem.minecraft.stone_sword":25,"stat.damageDealt":4058,"stat.useItem.minecraft.wool":2,"stat.pickup.chococraft.gysahl_green":22,"stat.craftItem.ageofweapons.wood_longstick":1,"stat.killEntity.Cow":1,"stat.mineBlock.minecraft.dirt":67,"stat.useItem.minecraft.crafting_table":1,"stat.killEntity.Pig":1,"stat.craftItem.minecraft.iron_sword":1,"stat.craftItem.minecraft.stone_slab":12,"stat.walkOneCm":134166,"stat.useItem.minecraft.bread":1,"stat.pickup.minecraft.crafting_table":5,"stat.useItem.minecraft.cobblestone":76,"stat.craftItem.minecraft.crafting_table":6,"stat.useItem.minecraft.gravel":3,"stat.mineBlock.minecraft.double_plant":6,"stat.pickup.minecraft.log":32,"stat.craftItem.ageofweapons.table_of_ages":1,"stat.craftItem.ageofweapons.wood_shard":3,"stat.pickup.minecraft.stone":18,"stat.drop.minecraft.sapling":1,"stat.pickup.minecraft.chicken":11,"stat.pickup.minecraft.sapling":30,"stat.pickup.minecraft.apple":9,"stat.killEntity.Skeleton":2,"stat.craftItem.minecraft.planks":104,"stat.useItem.minecraft.iron_sword":12,"stat.killEntity.Chicken":10,"stat.pickup.minecraft.stone_sword":1,"stat.entityKilledBy.mutantbeasts.creeper_minion":1,"stat.mobKills":32,"stat.mineBlock.minecraft.log":29,"stat.mineBlock.minecraft.waterlily":1,"stat.craftItem.minecraft.cooked_chicken":3,"stat.mineBlock.minecraft.leaves":40,"stat.pickup.minecraft.torch":12,"stat.sneakTime":12435,"stat.pickup.minecraft.wool":6,"stat.useItem.minecraft.wooden_axe":1,"stat.pickup.mutantbeasts.creeper_shard":3,"stat.mineBlock.minecraft.stone":116}