{"stat.craftItem.minecraft.diamond_chestplate":1,"stat.pickup.minecraft.bone":7,"stat.craftItem.minecraft.diamond_leggings":1,"stat.leaveGame":2,"stat.mineBlock.minecraft.cobblestone":13,"stat.pickup.minecraft.stone_pickaxe":26,"stat.pickup.minecraft.flint":1,"stat.mineBlock.srparasites.gore":62,"stat.useItem.minecraft.diamond_sword":185,"stat.mineBlock.minecraft.sandstone":5,"stat.swimOneCm":38349,"stat.drop.ageofweapons.hammer":1,"stat.climbOneCm":528,"stat.useItem.minecraft.planks":2,"stat.craftItem.minecraft.shield":1,"stat.drop.minecraft.cobblestone":5,"stat.pickup.minecraft.cooked_porkchop":19,"stat.pickup.minecraft.porkchop":24,"stat.entityKilledBy.mutantbeasts.mutant_zombie":1,"stat.useItem.minecraft.dirt":35,"stat.useItem.chococraft.gysahl_green":9,"stat.useItem.minecraft.stone_slab2":46,"stat.pickup.minecraft.bow":1,"stat.pickup.ageofweapons.wood_longstick":1,"stat.pickup.minecraft.rotten_flesh":18,"stat.pickup.minecraft.sand":4,"stat.craftItem.minecraft.furnace":6,"stat.useItem.minecraft.egg":9,"stat.craftItem.minecraft.stone_axe":2,"stat.craftItem.minecraft.iron_boots":1,"stat.useItem.minecraft.birch_boat":1,"stat.craftItem.minecraft.stone_pickaxe":4,"stat.pickup.minecraft.cobblestone":3306,"stat.pickup.minecraft.diamond_leggings":6,"stat.craftItem.minecraft.stone_sword":3,"stat.flyOneCm":430789,"stat.pickup.minecraft.sandstone":3,"stat.mineBlock.minecraft.sand":3,"stat.pickup.minecraft.redstone":114,"stat.mineBlock.minecraft.iron_ore":71,"stat.timeSinceDeath":5867,"stat.useItem.minecraft.iron_pickaxe":39,"stat.craftItem.minecraft.wooden_pickaxe":3,"stat.pickup.minecraft.mutton":30,"stat.pickup.minecraft.double_plant":8,"stat.craftItem.minecraft.bed":1,"stat.pickup.minecraft.wooden_axe":1,"stat.furnaceInteraction":107,"stat.craftItem.backpacked.backpack":1,"stat.useItem.minecraft.cooked_porkchop":9,"stat.pickup.srparasites.lurecomponent2":10,"stat.mineBlock.minecraft.coal_ore":91,"stat.pickup.srparasites.lurecomponent1":43,"stat.pickup.minecraft.shield":1,"stat.pickup.minecraft.string":1,"stat.craftItem.ageofweapons.stone_shard":9,"stat.pickup.minecraft.beef":56,"stat.pickup.minecraft.furnace":12,"stat.useItem.minecraft.cooked_mutton":4,"stat.drop.mutantbeasts.creeper_shard":1,"stat.craftItem.minecraft.stone_slab2":0,"stat.sprintOneCm":340751,"stat.pickup.minecraft.iron_chestplate":2,"stat.craftItem.minecraft.stick":60,"stat.craftItem.minecraft.wooden_axe":2,"stat.killEntity.Horse":12,"stat.pickup.hammertime.itemhammerdiamond":8,"stat.craftItem.minecraft.stone":27,"stat.mineBlock.minecraft.crafting_table":7,"stat.useItem.hammertime.itemhammerdiamond":3,"stat.pickup.minecraft.emerald":2,"stat.pickup.minecraft.diamond_chestplate":8,"stat.pickup.chococraft.gysahl_green_seeds":145,"stat.deaths":30,"stat.mineBlock.minecraft.planks":1,"stat.drop":7,"stat.pickup.minecraft.egg":24,"stat.playOneMinute":204679,"stat.useItem.minecraft.wooden_sword":39,"stat.killEntity.Sheep":10,"stat.craftItem.hammertime.itemhammeriron":3,"stat.entityKilledBy.mutantbeasts.mutant_creeper":1,"stat.craftItem.minecraft.iron_pickaxe":1,"stat.pickup.minecraft.slime_ball":9,"stat.killEntity.Zombie":2,"stat.mineBlock.minecraft.tallgrass":44,"stat.craftItem.minecraft.cooked_mutton":8,"stat.diveOneCm":40972,"stat.pickup.minecraft.cooked_mutton":15,"stat.chestOpened":43,"stat.useItem.minecraft.stone":5,"stat.killEntity.mutantbeasts.creeper_minion":3,"stat.pickup.minecraft.gravel":4,"stat.pickup.minecraft.arrow":30,"stat.pickup.minecraft.iron_sword":1,"stat.craftItem.minecraft.cooked_porkchop":19,"stat.pickup.minecraft.stone_axe":8,"stat.useItem.minecraft.apple":2,"stat.pickup.minecraft.diamond_sword":4,"stat.craftItem.minecraft.diamond_sword":1,"stat.jump":2922,"stat.useItem.minecraft.sand":1,"stat.pickup.minecraft.coal":310,"stat.pickup.minecraft.iron_helmet":7,"stat.fallOneCm":69459,"stat.pickup.minecraft.iron_ingot":48,"stat.craftItem.minecraft.birch_boat":1,"stat.pickup.ageofweapons.hammer":1,"stat.useItem.minecraft.stone_axe":63,"stat.pickup.minecraft.gunpowder":31,"stat.crouchOneCm":65814,"stat.mineBlock.minecraft.chest":1,"stat.craftItem.minecraft.iron_ingot":133,"stat.craftItem.minecraft.torch":36,"stat.craftItem.minecraft.chest":6,"stat.useItem.mutantbeasts.creeper_shard":12,"stat.pickup.minecraft.dirt":145,"stat.craftItem.minecraft.iron_helmet":1,"stat.killEntity.mocreatures:ant":1,"stat.useItem.minecraft.cooked_chicken":5,"stat.craftingTableInteraction":74,"stat.pickup.minecraft.iron_ore":151,"stat.boatOneCm":56391,"stat.pickup.minecraft.gold_ore":9,"stat.mineBlock.minecraft.lapis_ore":6,"stat.killEntity.mutantbeasts.mutant_creeper":1,"stat.pickup.minecraft.wooden_pickaxe":2,"stat.damageTaken":8840,"stat.pickup.minecraft.feather":27,"stat.pickup.minecraft.leather":39,"stat.mineBlock.minecraft.furnace":4,"stat.mineBlock.minecraft.torch":5,"stat.mineBlock.minecraft.red_flower":2,"stat.useItem.minecraft.wooden_pickaxe":43,"stat.pickup.srparasites.assimilated_flesh":49,"stat.craftItem.minecraft.wooden_sword":3,"stat.pickup.minecraft.dye":34,"stat.pickup.minecraft.planks":248,"stat.pickup.minecraft.iron_leggings":4,"stat.pickup.minecraft.reeds":51,"stat.pickup.minecraft.wheat_seeds":17,"stat.mineBlock.minecraft.gravel":1,"stat.useItem.minecraft.stone_pickaxe":464,"stat.useItem.minecraft.stone_sword":287,"stat.craftItem.minecraft.iron_leggings":2,"stat.damageDealt":19883,"stat.useItem.minecraft.wool":2,"stat.sleepInBed":1,"stat.pickup.chococraft.gysahl_green":9,"stat.craftItem.ageofweapons.wood_longstick":2,"stat.killEntity.Silverfish":1,"stat.killEntity.Cow":7,"stat.mineBlock.minecraft.dirt":72,"stat.killEntity.Pig":11,"stat.mineBlock.minecraft.monster_egg":1,"stat.walkOneCm":535740,"stat.useItem.minecraft.torch":32,"stat.playerKills":1,"stat.useItem.minecraft.chest":4,"stat.pickup.minecraft.stick":29,"stat.pickup.minecraft.crafting_table":10,"stat.useItem.minecraft.cobblestone":87,"stat.craftItem.minecraft.crafting_table":6,"stat.mineBlock.minecraft.double_plant":4,"stat.pickup.minecraft.log":174,"stat.craftItem.ageofweapons.hammer":1,"stat.craftItem.minecraft.diamond_boots":1,"stat.pickup.minecraft.iron_pickaxe":1,"stat.craftItem.hammertime.itemhammerstone":1,"stat.pickup.minecraft.stone":876,"stat.craftItem.minecraft.iron_chestplate":1,"stat.craftItem.hammertime.itemhammerdiamond":1,"stat.pickup.minecraft.chicken":50,"stat.mineBlock.minecraft.wool":4,"stat.pickup.minecraft.sapling":55,"stat.pickup.minecraft.apple":16,"stat.killEntity.Skeleton":2,"stat.craftItem.minecraft.planks":332,"stat.useItem.minecraft.iron_sword":23,"stat.killEntity.Chicken":14,"stat.killEntity.Spider":1,"stat.pickup.minecraft.stone_sword":13,"stat.mobKills":140,"stat.pickup.minecraft.diamond_boots":7,"stat.mineBlock.minecraft.log":87,"stat.craftItem.minecraft.cooked_chicken":10,"stat.pickup.minecraft.diamond":27,"stat.mineBlock.minecraft.leaves":40,"stat.pickup.minecraft.torch":18,"stat.pickup.minecraft.red_flower":3,"stat.sneakTime":33433,"stat.killEntity.mocreatures:maggot":2,"stat.pickup.minecraft.wool":36,"stat.pickup.minecraft.stone_slab":4,"stat.useItem.minecraft.wooden_axe":29,"stat.pickup.mutantbeasts.creeper_shard":1,"stat.mineBlock.minecraft.stone":304,"stat.pickup.minecraft.chest":1}