{"stat.walkOneCm":78523,"stat.pickup.minecraft.stick":3,"stat.leaveGame":1,"stat.pickup.minecraft.crafting_table":7,"stat.pickup.minecraft.stone_pickaxe":4,"stat.craftItem.minecraft.crafting_table":1,"stat.furnaceInteraction":6,"stat.pickup.minecraft.stone_axe":3,"stat.useItem.minecraft.apple":1,"stat.pickup.minecraft.log":130,"stat.jump":579,"stat.swimOneCm":9201,"stat.pickup.minecraft.cooked_chicken":2,"stat.fallOneCm":20022,"stat.useItem.minecraft.planks":19,"stat.pickup.minecraft.furnace":5,"stat.useItem.minecraft.cooked_mutton":1,"stat.useItem.minecraft.stone_axe":44,"stat.craftItem.minecraft.stone_slab2":0,"stat.pickup.minecraft.chicken":1,"stat.crouchOneCm":1288,"stat.pickup.minecraft.sapling":24,"stat.pickup.minecraft.dirt":30,"stat.sprintOneCm":63595,"stat.useItem.minecraft.stone_slab2":6,"stat.pickup.minecraft.apple":4,"stat.craftItem.minecraft.stick":8,"stat.useItem.minecraft.cooked_chicken":1,"stat.craftingTableInteraction":4,"stat.craftItem.minecraft.furnace":1,"stat.craftItem.minecraft.planks":256,"stat.killEntity.Chicken":1,"stat.useItem.minecraft.egg":3,"stat.craftItem.minecraft.stone_axe":1,"stat.pickup.minecraft.wooden_pickaxe":4,"stat.mineBlock.minecraft.crafting_table":3,"stat.pickup.minecraft.feather":8,"stat.damageTaken":5319,"stat.killEntity.mocreatures:bunny":1,"stat.pickup.minecraft.stone_sword":4,"stat.craftItem.minecraft.stone_pickaxe":1,"stat.mineBlock.minecraft.furnace":2,"stat.useItem.minecraft.wooden_pickaxe":8,"stat.pickup.minecraft.cobblestone":221,"stat.mobKills":5,"stat.mineBlock.minecraft.log":64,"stat.craftItem.minecraft.cooked_chicken":1,"stat.pickup.minecraft.planks":202,"stat.pickup.minecraft.reeds":9,"stat.craftItem.minecraft.stone_sword":1,"stat.flyOneCm":131933,"stat.deaths":29,"stat.mineBlock.minecraft.planks":4,"stat.mineBlock.minecraft.leaves":13,"stat.pickup.minecraft.egg":3,"stat.playOneMinute":34316,"stat.useItem.minecraft.stone_pickaxe":53,"stat.killEntity.Sheep":2,"stat.useItem.minecraft.stone_sword":14,"stat.sneakTime":391,"stat.pickup.minecraft.wool":6,"stat.damageDealt":543,"stat.timeSinceDeath":8473,"stat.mineBlock.minecraft.dirt":15,"stat.craftItem.minecraft.wooden_pickaxe":1,"stat.mineBlock.minecraft.stone":59,"stat.mineBlock.minecraft.tallgrass":13,"stat.craftItem.minecraft.cooked_mutton":3,"stat.pickup.minecraft.mutton":10,"stat.diveOneCm":14568,"stat.pickup.minecraft.cooked_mutton":2}